{
  "0": {
    "precision": 0.947363328495404,
    "recall": 0.9893396655383216,
    "f1-score": 0.9678965968909868,
    "support": 19793.0
  },
  "1": {
    "precision": 0.8348982785602503,
    "recall": 0.4951276102088167,
    "f1-score": 0.621613748907661,
    "support": 2155.0
  },
  "accuracy": 0.9408146528157463,
  "macro avg": {
    "precision": 0.8911308035278271,
    "recall": 0.7422336378735692,
    "f1-score": 0.7947551728993238,
    "support": 21948.0
  },
  "weighted avg": {
    "precision": 0.936320765044964,
    "recall": 0.9408146528157463,
    "f1-score": 0.9338962534699886,
    "support": 21948.0
  }
}