{
  "0": {
    "precision": 0.9561093089550772,
    "recall": 0.982822209872177,
    "f1-score": 0.9692817459328832,
    "support": 19793.0
  },
  "1": {
    "precision": 0.787765293383271,
    "recall": 0.585614849187935,
    "f1-score": 0.6718126164492947,
    "support": 2155.0
  },
  "accuracy": 0.943821760524877,
  "macro avg": {
    "precision": 0.871937301169174,
    "recall": 0.7842185295300561,
    "f1-score": 0.8205471811910889,
    "support": 21948.0
  },
  "weighted avg": {
    "precision": 0.939580178576125,
    "recall": 0.943821760524877,
    "f1-score": 0.9400742566838796,
    "support": 21948.0
  }
}