{
  "0": {
    "precision": 0.9517513566847557,
    "recall": 0.9746880210175315,
    "f1-score": 0.9630831440481242,
    "support": 19793.0
  },
  "1": {
    "precision": 0.701430274135876,
    "recall": 0.5461716937354988,
    "f1-score": 0.6141403600313071,
    "support": 2155.0
  },
  "accuracy": 0.9326134499726627,
  "macro avg": {
    "precision": 0.8265908154103159,
    "recall": 0.7604298573765151,
    "f1-score": 0.7886117520397157,
    "support": 21948.0
  },
  "weighted avg": {
    "precision": 0.9271731749418709,
    "recall": 0.9326134499726627,
    "f1-score": 0.928821630490796,
    "support": 21948.0
  }
}