{
  "0": {
    "precision": 1.0,
    "recall": 0.9555555555555556,
    "f1-score": 0.9772727272727273,
    "support": 45.0
  },
  "1": {
    "precision": 0.9574468085106383,
    "recall": 1.0,
    "f1-score": 0.9782608695652174,
    "support": 45.0
  },
  "accuracy": 0.9777777777777777,
  "macro avg": {
    "precision": 0.9787234042553192,
    "recall": 0.9777777777777779,
    "f1-score": 0.9777667984189724,
    "support": 90.0
  },
  "weighted avg": {
    "precision": 0.9787234042553191,
    "recall": 0.9777777777777777,
    "f1-score": 0.9777667984189722,
    "support": 90.0
  }
}