{
  "0": {
    "precision": 1.0,
    "recall": 0.9111111111111111,
    "f1-score": 0.9534883720930233,
    "support": 45.0
  },
  "1": {
    "precision": 0.9183673469387755,
    "recall": 1.0,
    "f1-score": 0.9574468085106383,
    "support": 45.0
  },
  "accuracy": 0.9555555555555556,
  "macro avg": {
    "precision": 0.9591836734693877,
    "recall": 0.9555555555555555,
    "f1-score": 0.9554675903018308,
    "support": 90.0
  },
  "weighted avg": {
    "precision": 0.9591836734693879,
    "recall": 0.9555555555555556,
    "f1-score": 0.9554675903018307,
    "support": 90.0
  }
}