{
  "0": {
    "precision": 0.9521857248703384,
    "recall": 0.9739301773354216,
    "f1-score": 0.9629352115490284,
    "support": 19793.0
  },
  "1": {
    "precision": 0.6970052847915443,
    "recall": 0.5508120649651972,
    "f1-score": 0.6153447382063245,
    "support": 2155.0
  },
  "accuracy": 0.932385638782577,
  "macro avg": {
    "precision": 0.8245955048309414,
    "recall": 0.7623711211503095,
    "f1-score": 0.7891399748776764,
    "support": 21948.0
  },
  "weighted avg": {
    "precision": 0.9271304192219968,
    "recall": 0.932385638782577,
    "f1-score": 0.9288064768099394,
    "support": 21948.0
  }
}