{
  "0": {
    "precision": 0.9733487833140209,
    "recall": 0.9761026625574698,
    "f1-score": 0.9747237778114122,
    "support": 19793.0
  },
  "1": {
    "precision": 0.7746545974273463,
    "recall": 0.7545243619489559,
    "f1-score": 0.764456981664316,
    "support": 2155.0
  },
  "accuracy": 0.9543466375068343,
  "macro avg": {
    "precision": 0.8740016903706835,
    "recall": 0.8653135122532128,
    "f1-score": 0.8695903797378641,
    "support": 21948.0
  },
  "weighted avg": {
    "precision": 0.953839672206595,
    "recall": 0.9543466375068343,
    "f1-score": 0.954078391184066,
    "support": 21948.0
  }
}